Model,Accuracy,Precision,Recall,F1,Kappa,MCC
Logistic Regression,0.96,0.9600160087158565,0.96,0.9599973322662397,0.9199688767854165,0.9199893371307557
Naive Bayes,0.96,0.9600160087158565,0.96,0.9599973322662397,0.9199688767854165,0.9199893371307557
SVM (Linear),0.9583333333333334,0.9583361122226669,0.9583333333333334,0.9583320597571221,0.9166388796265421,0.9166439755039134
Random Forest,0.9133333333333333,0.9179523342096255,0.9133333333333333,0.9130081845487332,0.8263096364749764,0.8310706392045281
Gradient Boosting,0.9466666666666667,0.9467342830769915,0.9466666666666667,0.9466583658510375,0.8932799733199933,0.8933594660563403
Decision Tree,0.8916666666666667,0.9012860459433042,0.8916666666666667,0.8908531440696731,0.7827055939380432,0.7925495123378566
KNN,0.95,0.9500689509447392,0.95,0.9499922179853475,0.8999499749874937,0.9000300612854337
AdaBoost,0.8416666666666667,0.8624334454252486,0.8416666666666667,0.839741934457733,0.6844902025905015,0.7043521545925382
